ผนัง,ผ,นัง,,,,,
ประชาธิปไตย,ประ,ชา,ธิป,ไตย,,,
อนาธิปไตย,อ,นา,ธิป,ไตย,,,
กฎทบวง,กฎ,ท,บวง,,,,
สหประชาชาติ,ส,ห,ประ,ชา,ชาติ,,
มหาชน,ม,หา,ชน,,,,
กฐิน,ก,ฐิน,,,,,
กตเวที,ก,ต,เว,ที,,,
กตัญชลี,ก,ตัญ ,ช,ลี,,,
ราชสีห์,ราช,สีห์,,,,,
เวทนา,เวท,นา,,,,,
สมานฉันท์,ส,มาน,ฉันท์,,,,
อุณหภูมิ,อุณ,ห,ภูมิ,,,,
ขนุน,ข,นุน,,,,,
ฉลาม,ฉ,ลาม,,,,,
สารพัด,สา,ร,พัด,,,,
เมล็ด,เมล็ด,,,,,,
สมัย,ส,มัย,,,,,
ตลก,ต,ลก,,,,,
ทนาย,ท,นาย,,,,,
ทยอย,ท,ยอย,,,,,
ขโมย,ข,โมย,,,,,
สกัด,ส,กัด,,,,,
อนุรักษ์,อ,นุ,รักษ์,,,,
รัฐสภา,รัฐ,ส,ภา,,,,
แถลง,แถลง,,,,,,
โทรศัพท์,โท,ร,ศัพท์,,,,
โทรทัศน์,โท,ร,ทัศน์,,,,
โทรเลข,โท,ร,เลข,,,,
กติกา,ก,ติ,กา,,,,
กบฏ,ก,บฏ,,,,,
ตลิ่ง,ต,ลิ่ง,,,,,
สไบ,ส,ไบ,,,,,
สารพัด,สา,ร,พัด,,,,
ธนาคาร,ธ,นา,คาร,,,,
สารภาพ,สา,ร,ภาพ,,,,
ปรอท,ป,รอท,,,,,
ถนน,ถ,นน,,,,,
ผนวช,ผ,นวช,,,,,
กรกฎาคม,ก,ร,ก,ฎา,คม,,
ขนม,ข,นม,,,,,
มนุษย์,ม,นุษย์,,,,,
อำมหิต,อำ,ม,หิต,,,,
อัมพวา,อัม,พ,วา,,,,
สบาย,ส,บาย,,,,,
แสดง,แสดง,,,,,,
สลิด,ส,ลิด,,,,,
สโมสร,ส,โม,สร,,,,
จิตนาการ,จิน,ต,นา,การ,,,
จิตกร,จิต,กร,,,,,
แสงสว่าง,แสง,ส,ว่าง,,,,
ปณิธาน,ป,ณิ,ธาน,,,,
ถนน,ถ,นน,,,,,
ปราศจาก,ปราศ,จาก,,,,,
พลัง,พ,ลัง,,,,,
นภาลัย,น,ภา,ลัย,,,,
ภาพยนตร์,ภาพ,ยนต์,,,,,
ตลับ,ต,ลับ,,,,,
ถลอก,ถ,ลอก,,,,,
สมุด,ส,มุด,,,,,
สมุย,ส,มุย,,,,,
จมูก,จ,มูก,,,,,
กนก,ก,นก,,,,,
ตวัด,ต,วัด,,,,,
ตลอด,ต,ลอด,,,,,
ดนุ,ด,นุ,,,,,
ตลิ่ง,ต,ลิ่ง,,,,,
อร่อย,อ,ร่อย,,,,,
อันตราย,อัน,ต,ราย,,,,
อันตพาล,อัน,ต,พาล,,,,
กณิกนันต์,ก,ณิ,ก,นันต์,,,
กตัญญู,ก,ตัญ,ญู,,,,
กนก,ก,นก,,,,,
กบาล,ก,บาล,,,,,
กบินทร์,ก,บินทร์,,,,,
กรรมกร,กรรม,กร,,,,,
กรวิก,ก,ร,วิก,,,,
กรุณา,ก,รุ,ณา,,,,
กฤษณา,กฤษ,ณา,,,,,
กลยุทธ์,กล,ยุทธ์,,,,,
กลเม็ด,กล,เม็ด,,,,,
กวี,ก,วี,,,,,
กษมา,ก,ษ,มา,,,,
กษัตรา,,,,,,,
กษัตริย์,ก,ษัตริย์,,,,,
กเฬวราก,ก,เฬว,ราก,,,,
กักขฬะ,กัก,ข,ฬะ,,,,
กัมปนาท,กัม,ป,นาท,,,,
กำมัชวาต,กำ,มัช,วาต,,,,
กัลป,กัล,ป,,,,,
กัลปาวสาน,กัล,ปาว,สาน,,,,
กัลยาณมิตร,กัล,ยา,ณ,มิตร,,,
กัศมล,กัศ,มล,,,,,
กาญจน,กาญ,จ,น,,,,
กามเทพ,กาม,เทพ,,,,,
กายกรรม,กาย,กรรม,,,,,
กายสิทธิ์,กาย,สิทธิ์,,,,,
การบูร,การ,บูร,,,,,
กาลเทศะ,กา,ล,เทศะ,,,,
กาสาวพัสตร์,กา,สา,ว,พัสตร์,,,
กาฬโลก,กา,ฬ,โลก,,,,
กิจวัตร,กิจ,วัตร,,,,,
กุลสตรี,กุล,ส,ตรี,,,,
เกษตร,เกษตร,,,,,,
เกษม,เกษม,,,,,,
เกษียณอายุ,เกษียณ,อายุ,,,,,
เกษียรสมุทร,เกษียณ,สมุทร,,,,,
ขจร,ข,จร,,,,,
ขจัด,ข,จัด,,,,,
ขณะ,ข,ณะ,,,,,
ขนบ,ข,นบ,,,,,
ขนม,ข,นม,,,,,
ขนอง,ข,นอง,,,,,
ขนาด,ข,นาด,,,,,
ขนาน,ข,นาน,,,,,
ขนิษฐ,ข,นิษฐ,,,,,
ขบถ,ข,บถ,,,,,
ขบวน,ข,บวน,,,,,
ขมิ้น,ข,มิ้น,,,,,
ขย่ม,ข,ย่ม,,,,,
ขยะแขยง,ข,ยะ,แขยง,,,,
ขยับเขยื้อน,ข,ยับ,เขยื้อน,,,,
ขยุกขยิก,ข,ยุก,ข,ยิก,,,
ขยุ้ม,ข,ยุ้ม,,,,,
ขออภัย,ขอ,อ,ภัย,,,,
ขออโหสิ,ขอ,อ,โห,สิ,,,
ข้อเสนอแนะ,ข้อ,เสนอ,แนะ,,,,
ขะมักเขม้น,ขะ,มัก,เขม้น,,,,
ขัณฑสกร,ขัณ,ฑส,กร,,,,
ขัณฑสีมา,ขัณ,ฑ,สี,มา,,,
ขัตติย,ขัตติ,ย,,,,,
เขม็ง,เขม็ง,,,,,,
เขม้นขะมัก,เขม้น,ขะ,มัก,,,,
เขมือบ,เขมือบ,,,,,,
เขย่ง,เขย่ง,,,,,,
เขย่า,เขย่า,,,,,,
เขม่า,เขม่า,,,,,,
เขยื้อน,เขยื้อน,,,,,,
เขยิบ,เขยิบ,,,,,,
เขียวเสวย,เขียว,เสวย,,,,,
แขนง,แขนง,,,,,,
แขม่ว,แขม่ว,,,,,,
แขยง,แขยง,,,,,,
โขมง,โขมง,,,,,,
คชกรรม,คช,กรรม,,,,,
คชลักษณ์,คช,ลักษณ์,,,,,
คชสาร,คช,สาร,,,,,
คชสีห์,คช,สีห์,,,,,
คณบดี,ค,ณ,บ,ดี,,,
คณะรัฐมนตรี,ค,ณะ,รัฐ,มน,ตรี,,
คณาจารย์,ค,ณา,จารย์,,,,
คณาธิปไตย,ค,ณา,ธิป,ไตย,,,
คณิตศาสตร์,ค,ณิต,ศาสตร์,,,,
คเณศ,ค,เณศ,,,,,
คดี,ค,ดี,,,,,
คติ,ค,ติ,,,,,
คติพจน์,ค,ติ,พจน์,,,,
คนธรรพวิวาห์,คน,ธรร,พ,วิ,วาห์,,
คนธรรพศาสตร์,คน,ธรรพ,ศาสตร์,,,,
ครหา,ค,ร,หา,,,,
ครุศาสตร์,ค,รุ,ศาสตร์,,,,
คัณฑสูตร,คัณ,ฑ,สูตร,,,,
คัณฑมาลา,คัณ,ฑ,มา,ลา,,,
คุณธรรม,คุณ,ธรรม,,,,,
คุณนาม,คุณ,นาม,,,,,
คุณประโยชน์,คุณ,ประ,โยชน์,,,,
คุณภาพ,คุณ,ภาพ,,,,,
คุณลักษณะ,คุณ,ลัก,ษ,ณะ,,,
คุณวุฒิ,,,,,,,
คุณสมบัติ,คุณ,สม,บัติ,,,,
คุโณปการ,คุ,โณ,ป,การ,,,
เครื่องราชอิสริยาภรณ์,เครื่อง,ราช,อิส,ริ,ยา,ภรณ์,
เครือจักรภพ,เครือ,จักร,ภพ,,,,
แคฝรั่ง,แค,ฝ,รั่ง,,,,
โคปผกะ,โคป,ผ,กะ,,,,
ฆรณี,ฆ,ร,ณี,,,,
ฆราวาส,ฆ,รา,วาส,,,,
ฆานประสาท,ฆา,น,ประ,สาท,,,
ฆาตกร,ฆาต,กร,,,,,
ฆาตกรรม,ฆาต,กรรม,,,,,
จรัล,จ,รัล,,,,,
จรจรัล,จ,ร,จ,รัล,,,
จรกลู่,จ,ร,กลู่,,,,
จรลี,จ,ร,ลี,,,,
จรด,จ,รด,,,,,
จรวด,จ,รวด,,,,,
จริต,จ,ริต,,,,,
จริยธรรม,จ,ริ,ย,ธรรม,,,
จริยศาสตร์,จ,ริ,ย,ศาสตร์,,,
จรูญ,จ,รูญ,,,,,
จั๊กเดียม,จั๊ก,เดียม,,,,,
จัตวา,จัต,วา,,,,,
จันทร,จัน,ท,ร,,,,
จันทร์,จันทร์,,,,,,
จันทรคราส,จัน,ท,ร,คราส,,,
จันทรุปราคา,จัน,ท,รุ,ป,รา,คา,
จาตุรงคสันนิบาต,จา,ตุ,รง,ค,สัน,นิ,บาต
จิตแพทย์,จิต,แพทย์,,,,,
จิตวิทยา,จิต,วิท,ยา,,,,
จิตรกรรม,จิตร,กรรม,,,,,
จิตรกร,จิตร,กร,,,,,
จินตกวี,จิน,ต,ก,วี,,,
จินตนาการ,จิน,ต,นา,การ,,,
จินตภาพ,จิน,ต,ภาพ,,,,
จิรกาล,จิ,ร,กาล,,,,
จุฑามณี,จุ,ฑา,ม,ณี,,,
จุฑารัตน์,จุ,ฑา,รัตน์,,,,
จุลทรรศน์,จุล,ทรรศน์,,,,,
จุลภาค,จุล,ภาค,,,,,
จุลศักราช,จุล,ศักราช,,,,,
จุลสาร,จุล,สาร,,,,,
จุฬาราชมนตรี,จุฬา,ราช,มนตรี,,,,
จุดชนวน,จุด,ช,,,,,
เจตคติ,เจ,ต,ค,ติ,,,
เจตจำนง,เจต,จำ,นง,,,,
เจตภูต,เจต,ภูต,,,,,
เจรจา,เจ,ร,จา,,,,
ฉกษัตริย์,,,,,,,
ปกิณกะ,,,,,,,
กถามุข,,,,,,,
ราชการ,ราช,การ,,,,,
อุปรากร,,,,,,,
สิ้นชีพตักษัย,,,,,,,
กตเวที,ก,ต,เว,ที,,,
ไอศกรีม,ไอ,ศ,กรีม,,,,
ฌาปนกิจ,,,,,,,
อมรินทร์,,,,,,,
ถนนลาดยาง,,,,,,,
เบญจเพส,,,,,,,
ทรราช,,,,,,,
ทศกัณฐ์,,,,,,,
พิสมัย,,,,,,,
พิสดาร,,,,,,,
พุทธชาด,,,,,,,
นครบาล,,,,,,,
ราชวงศ์,,,,,,,
ธุรกิจ,,,,,,,
นิรันดร์,,,,,,,
หริณะ,,,,,,,
เศวตโรหิต,,,,,,,
อมฤต,,,,,,,
อมตะ,,,,,,,
ปริศนา,,,,,,,
วิสัยทัศน์,,,,,,,
วัฒนธรรม,,,,,,,
รัตนโกสินทร์,,,,,,,
ทรสูตร,,,,,,,
ทิพโอสถ,,,,,,,
ธรณี,,,,,,,
วิทยา,,,,,,,
วัสดุ,,,,,,,
นวโกฐ,,,,,,,
นาคบาศ,,,,,,,
เบญจพรรณ,,,,,,,
บาดทะยัก,,,,,,,
บุพเพสันนิวาส,,,,,,,
ปฐมภูมิ,,,,,,,
ปริณามัคคี,,,,,,,
ปริทัยหัคคี,,,,,,,
พฤกษชาติ,,,,,,,
พุทธรักษา,,,,,,,
พิรุตวาโย,,,,,,,
เพชรฆาต,,,,,,,
มานกษัย,,,,,,,